ingredient_id,ingredient_name,language,is_alcoholic,old_category_id,new_category_id,category_name,description,reasoning,processed_at
1392,Ликер  вишневый grenadine,RUS,True,,23,Ликер,,"Вишневый ликер — это алкогольный напиток, получаемый путем настаивания или смешивания вишни с крепким алкоголем, и он относится к категории ликеров[1][2][4]. Несмотря на путаницу с названием 'grenadin",2025-08-20T19:20:39.214072
1391,Ликер темный crème de cacao,RUS,True,,23,Ликер,,"«Ликер темный crème de cacao» — это шоколадный ликер на основе какао-бобов, с содержанием алкоголя около 22–24%. Все авторитетные источники (включая описания производителей и энциклопедические статьи)",2025-08-20T19:20:39.368358
1390,Ликер яблочный,RUS,True,,23,Ликер,,"Яблочный ликер — это сладкий алкогольный напиток на основе спирта с добавлением яблочного сока или экстракта, относящийся к категории фруктовых ликеров[1][2][3]. Он не является ни абсентом, ни виски, ",2025-08-20T19:20:40.120556
1389,Пахта,RUS,False,,33,Иные б/а напитки,,"Пахта — это кисломолочный напиток, получаемый как побочный продукт при производстве сливочного масла, и употребляется в пищу как самостоятельный напиток или используется в кулинарии[1][2][3][5]. Она н",2025-08-20T19:20:41.362634
1393,Ликер зеленый мятный,RUS,True,,23,Ликер,,"«Ликер зеленый мятный» — это алкогольный напиток на основе мяты, обладающий характерным зеленым цветом и сладко-освежающим вкусом. В профессиональных и потребительских источниках он однозначно классиф",2025-08-20T19:20:42.063547
1395,Ликер травяной benedictine d.o.m.,RUS,True,,23,Ликер,,"Benedictine D.O.M. — это французский травяной ликер, созданный на основе спирта, меда и смеси из 27 трав и специй. Все авторитетные источники прямо называют его ликером, а не абсентом, виски, текилой,",2025-08-20T19:20:56.827606
1397,Ликер  вишневый maraschino,RUS,True,,23,Ликер,,"Вишневый Maraschino — это прозрачный фруктовый ликер, изготавливаемый из мараскиновой вишни, что подтверждается как специализированными статьями, так и энциклопедическими источниками[1][2][3][4]. В пр",2025-08-20T19:20:56.846811
1068,Chilled ale,ENG,True,,6,Beer,,"""Chilled ale"" refers to a type of beer served cold. Ale is a category of beer, and cocktails such as Chelada or beer-based drinks commonly use chilled beer as an ingredient. None of the other categori",2025-08-20T19:20:56.860130
1396,Вермут сухой,RUS,True,,40,Вино,,"Вермут сухой — это ароматизированное крепленое вино, основой которого является белое или красное вино с добавлением спирта и экстрактов трав и специй[2][4][1]. Среди предложенных категорий наиболее то",2025-08-20T19:20:58.186722
1069,Vodka (freezer-chilled),ENG,True,,14,Vodka,,The ingredient 'Vodka (freezer-chilled)' is simply vodka that has been stored in a freezer to be served cold. It remains vodka regardless of temperature or serving method. Among the provided categorie,2025-08-20T19:21:01.332654
1072,Guinness (or other irish stout),ENG,True,,6,Beer,,"Guinness is an Irish stout, which is a type of beer made from water, malted barley, roasted barley, hops, and yeast[1]. Cocktail recipes and bartending guides consistently classify Guinness and other ",2025-08-20T19:21:15.232742
1071,Lager or pale ale,ENG,True,,6,Beer,,"Lager and pale ale are both types of beer, and in cocktail recipes, when an ingredient specifies 'lager or pale ale,' it refers to using a beer as the alcoholic component. This matches the 'Beer' cate",2025-08-20T19:21:15.887939
1073,Chilled champagne,ENG,True,,12,Wine,,Champagne is a type of sparkling wine produced in the Champagne region of France and is classified as wine in beverage categorization. Multiple cocktail recipes and sources refer to champagne as a spa,2025-08-20T19:21:15.946676
1070,Chilled lager or ale,ENG,True,,6,Beer,,"Chilled lager or ale are both types of beer, as confirmed by multiple sources describing their use in beer cocktails and distinguishing them from other alcoholic categories such as spirits or wine. Bo",2025-08-20T19:21:16.567788
1074,Chilled beer,ENG,True,,6,Beer,,Chilled beer is an alcoholic beverage that falls under the general category of 'Beer' in cocktail ingredient classification. Multiple sources confirm that beer is used as a primary ingredient in vario,2025-08-20T19:21:17.613594
1076,"Sake (preferably momokawa
diamond)",ENG,True,,12,Wine,,"Sake is a traditional Japanese alcoholic beverage made from fermented rice, water, yeast, and koji mold. While it is distinct from grape-based wines, it is internationally classified as a 'rice wine' ",2025-08-20T19:21:31.589650
1078,"Puréed white peaches (or regular
peaches)",ENG,False,,10,Fruits,,"Puréed white peaches (or regular peaches) are simply peaches that have been blended into a smooth consistency, retaining the essential characteristics of the fruit. Multiple cocktail recipes, such as ",2025-08-20T19:21:31.608152
1077,"Fresh mint leaves (preferably
japanese shiso mint)",ENG,False,,5,Other not alcohol,,"Fresh mint leaves, including Japanese shiso mint, are a non-alcoholic, non-fruit, non-vegetable, and non-syrup botanical ingredient commonly used in cocktails for flavor and garnish. They do not fit t",2025-08-20T19:21:33.895198
1079,Slices fresh ginger,ENG,False,,15,Vegetables,,"Ginger is botanically classified as a root vegetable and is commonly used in its fresh form as a spice or aromatic in cocktails. 'Slices fresh ginger' refers to the raw, unprocessed root, which fits t",2025-08-20T19:21:33.915036
1075,Silver or gold rum,ENG,True,,1,Rum,,"Silver rum (also called white or light rum) and gold rum are both types of rum distinguished by their color and aging process, but both fall under the general category of 'Rum.' Silver/white rums are ",2025-08-20T19:21:34.095037
1083,Dry vermouth,ENG,True,,12,Wine,,"Dry vermouth is an aromatized and fortified wine, made primarily from a wine base (at least 75% wine according to EU regulations), and then flavored with botanicals and fortified with additional alcoh",2025-08-20T19:21:44.544771
1084,Good-quality sake,ENG,True,,12,Wine,,"Sake is a traditional Japanese alcoholic beverage made from fermented rice, water, yeast, and koji mold, and is often referred to as 'rice wine' in English-language sources. It is not a distilled spir",2025-08-20T19:21:45.343851
1080,E fresh lime juice,ENG,False,,13,Juice,,"Fresh lime juice is the liquid extracted from limes and is used as a sour, acidic component in cocktails. It is not a whole fruit, syrup, or lemonade, but specifically a type of juice, making 'Juice' ",2025-08-20T19:21:45.484409
1082,"High-quality gin (such as bombay
sapphire)",ENG,True,,0,,,"Gin is a distinct category of spirit, separate from rum, liqueur, absinthe, beer, brandy, wine, and vodka. It is made by infusing a neutral spirit with botanicals, primarily juniper, and is not classi",2025-08-20T19:21:45.741906
1081,Pineappleb,ENG,False,,10,Fruits,,Pineapple is a tropical fruit commonly used in cocktails both as a fresh ingredient and as juice. It is classified botanically as a fruit and is referenced as such in cocktail ingredient guides and re,2025-08-20T19:21:46.498568
1087,Chilled club soda,ENG,False,,5,Other not alcohol,,"Chilled club soda is a carbonated water with added minerals, used as a non-alcoholic mixer in cocktails. It does not fit categories like 'Lemonade', 'Syrup', 'Coffee', 'Juice', 'Fruits', or 'Vegetable",2025-08-20T19:21:52.635194
1089,Calvados or apple brandy,ENG,True,,11,Brandy,,"Calvados and apple brandy are both types of brandy distilled from apples (and sometimes pears), rather than grapes. Multiple authoritative sources explicitly state that Calvados is a variety of brandy",2025-08-20T19:21:52.726095
1085,"Cucumber (preferably
english cucumber)",ENG,False,,15,Vegetables,,"Cucumber, including English cucumber, is botanically classified as a vegetable and is used in cocktails primarily as a fresh, non-alcoholic ingredient, either muddled, juiced, or sliced for flavor and",2025-08-20T19:21:53.318852
1086,Applejack (or calvados),ENG,True,,11,Brandy,,"Applejack and calvados are both types of apple brandy, distilled from apples. Applejack is specifically defined as a type of brandy produced from apples, and calvados is a well-known French apple bran",2025-08-20T19:21:53.749177
1088,1½ ounces,ENG,True,,14,Vodka,,"The ingredient '1½ ounces' is a measurement, not a specific ingredient, but in the context of cocktail recipes, this amount is commonly used for base spirits. Multiple authoritative cocktail guides an",2025-08-20T19:21:54.209039
1090,Chilled ginger ale,ENG,False,,5,Other not alcohol,,"Chilled ginger ale is a carbonated soft drink flavored with ginger and is non-alcoholic. It does not fit categories such as 'Lemonade', 'Syrup', 'Coffee', 'Juice', 'Fruits', or 'Vegetables'. The most ",2025-08-20T19:22:05.414726
1091,Cointreau or triple sec,ENG,True,,3,Liqueur,,"Cointreau and triple sec are both orange-flavored liqueurs, with Cointreau being a premium brand of triple sec. Both are classified as liqueurs due to their production methods, flavor profiles, and su",2025-08-20T19:22:05.872889
1094,Cointreau (or triple sec),ENG,True,,3,Liqueur,,"Cointreau and triple sec are both orange-flavored spirits that fall under the category of liqueurs, as they are sweetened, flavored spirits with specific production and quality requirements. Multiple ",2025-08-20T19:22:05.884670
1093,Fresh lemon (or lime) juice,ENG,False,,13,Juice,,"Fresh lemon (or lime) juice is the liquid extracted directly from the fruit and is widely used in cocktails for its acidity and flavor[2][3][4]. It is not a syrup, lemonade, or whole fruit, but specif",2025-08-20T19:22:06.003810
1092,Brandy (or cognac),ENG,True,,11,Brandy,,"Brandy is a distilled spirit made from fermented grape juice, and cognac is a specific type of brandy produced in the Cognac region of France[1][2][3][4]. In cocktail contexts, 'brandy (or cognac)' re",2025-08-20T19:22:07.482662
1095,Calvados (or other apple brandy),ENG,True,,11,Brandy,,"Calvados is a French brandy made from apples (and sometimes pears), and is classified as an apple brandy. It is distilled and aged in oak barrels, fitting the definition of brandy as a spirit distille",2025-08-20T19:22:18.442336
1097,Calvados (or applejack),ENG,True,,11,Brandy,,"Calvados is a type of French brandy made from apples (and sometimes pears), and applejack is also an apple-based brandy. Both are distilled spirits in the brandy family, not liqueurs, rums, or any oth",2025-08-20T19:22:19.044289
1098,Cognac (or brandy),ENG,True,,11,Brandy,,"Cognac is a specific type of brandy, produced in the Cognac region of France and made by distilling wine from grapes[2][3]. The phrase 'Cognac (or brandy)' directly indicates that either Cognac or ano",2025-08-20T19:22:19.410950
1096,Kirsch (or other cherry brandy),ENG,True,,11,Brandy,,"Kirsch (or Kirschwasser) is a clear, unaged brandy distilled from fermented cherries, specifically classified as a fruit brandy. It is not a liqueur, as it contains no added sugar, and is not a rum, v",2025-08-20T19:22:20.631656
1099,Fresh lime  juice,ENG,False,,13,Juice,,"Fresh lime juice is the liquid extracted from limes and is used as a tart, acidic component in cocktails. It is not a syrup, fruit, or vegetable itself, but rather the juice derived from a fruit. The ",2025-08-20T19:22:20.824334
1103,Egg white (optional,ENG,False,,5,Other not alcohol,,"Egg white is a non-alcoholic ingredient commonly used in cocktails to add texture and froth, but it does not fit into categories such as 'Lemonade', 'Syrup', 'Coffee', 'Fruits', 'Juice', or 'Vegetable",2025-08-20T19:22:34.222032
1102,Chilled apple cider,ENG,True,,6,Beer,,"Chilled apple cider, when alcoholic, is classified as 'hard cider,' which is a fermented beverage made from apples. In beverage categorization, hard cider is most closely aligned with beer due to its ",2025-08-20T19:22:34.815034
1104,"Chilled prosecco (or other
dry sparkling wine)",ENG,True,,12,Wine,,"Prosecco is a type of sparkling wine, specifically an Italian sparkling white wine, and dry sparkling wines are also classified as wines. The ingredient 'Chilled prosecco (or other dry sparkling wine)",2025-08-20T19:22:35.246651
1100,Crème de noyaux (or amaretto),ENG,True,,3,Liqueur,,"Crème de noyaux is described as a liqueur made by infusing fruit kernels (such as apricot, peach, or cherry) in alcohol, then sweetening the result, and is often categorized alongside almond or nut li",2025-08-20T19:22:35.879102
1101,Dry sherry,ENG,True,,12,Wine,,"Dry sherry is a type of fortified wine, specifically produced in Spain, and is consistently described in cocktail and spirits references as a wine rather than a spirit, liqueur, or other category. It ",2025-08-20T19:22:36.869715
1108,Small fresh mint leaves,ENG,False,,5,Other not alcohol,,"Small fresh mint leaves are a non-alcoholic, aromatic herb commonly used in cocktails for flavor and garnish. They do not fit the categories of 'Lemonade', 'Syrup', 'Coffee', 'Other alcohol', 'Fruits'",2025-08-20T19:22:48.697799
1106,Chilled guinnes,ENG,True,,6,Beer,,"Guinness is a type of stout, which is a style of beer made from water, malted barley, roasted barley, hops, and yeast[1]. It is commonly used in cocktails as a beer ingredient and is not classified as",2025-08-20T19:22:49.065689
1109,"Chilled prosecco (or
champagne)",ENG,True,,12,Wine,,"Prosecco and champagne are both types of sparkling wine. They are not spirits, liqueurs, beer, or brandy, but are classified as wine due to their production from fermented grapes and their categorizat",2025-08-20T19:22:49.631221
1107,Vodka (or gin),ENG,True,,14,Vodka,,"The ingredient 'Vodka (or gin)' refers to two distinct base spirits, but only 'Vodka' is present as a category in the provided list. Both vodka and gin are distilled spirits, but gin is not listed as ",2025-08-20T19:22:50.614534
1105,White peach purée (or peach nectar),ENG,False,,5,Other not alcohol,,"White peach purée (or peach nectar) is a non-alcoholic ingredient made by blending peaches into a smooth, thick liquid, sometimes with added sugar. It is not a juice (which is typically strained and m",2025-08-20T19:22:51.740525
1113,"Mandarine napoléon liqueur (or
triple sec)",ENG,True,,3,Liqueur,,"Both Mandarine Napoléon liqueur and triple sec are orange-flavored liqueurs, and triple sec is specifically defined as a type of liqueur in multiple authoritative sources[1][2][3][4][5]. Neither is a ",2025-08-20T19:23:03.085566
1114,"Fresh strawberry, hulled",ENG,False,,10,Fruits,,"Fresh strawberries are botanically classified as fruits and are used as such in cocktail recipes, either muddled, pureed, or as garnish[1][3][4]. The ingredient 'Fresh strawberry, hulled' refers speci",2025-08-20T19:23:03.613635
1111,Chilled brut champagne,ENG,True,,12,Wine,,Chilled brut champagne is a type of sparkling wine produced in the Champagne region of France and is classified as wine in beverage taxonomy. Multiple cocktail recipes and guides refer to champagne as,2025-08-20T19:23:03.994436
1110,Absinthe (or pernod),ENG,True,,4,Absinthe,,"Absinthe is a distinct, high-proof spirit made from botanicals such as wormwood, anise, and fennel, and is not classified as a liqueur or any other spirit type listed. Pernod is a brand of pastis, whi",2025-08-20T19:23:04.184896
1112,Chilled dry champagne,ENG,True,,12,Wine,,"Chilled dry champagne is a type of sparkling wine produced in the Champagne region of France. In cocktail recipes, it is used as a wine ingredient, distinct from spirits like rum, vodka, or liqueurs. ",2025-08-20T19:23:04.582173
1117,Good-quality rum,ENG,True,,1,Rum,,"Good-quality rum is a distilled alcoholic spirit made from sugarcane byproducts such as molasses or sugarcane juice, and is classified as 'Rum' according to standard spirit categories. It is used in a",2025-08-20T19:23:16.395803
1116,Rosso (sweet) vermouth,ENG,True,,12,Wine,,"Rosso (sweet) vermouth is classified as an aromatized, fortified wine, made from a wine base and fortified with additional alcohol and botanicals. It is not a liqueur, spirit, or beer, but specificall",2025-08-20T19:23:16.972090
1119,Pimm’s no. 1 4 to,ENG,True,,3,Liqueur,,"Pimm’s No. 1 is consistently described as a gin-based liqueur, specifically a type of fruit cup or 'cup' liqueur, with a blend of gin, fruit, spices, and botanicals. Multiple authoritative sources—inc",2025-08-20T19:23:17.776352
1118,Aged bacardi (8 years old),ENG,True,,1,Rum,,"Aged Bacardi (8 years old) is a type of rum that has been matured in oak barrels for an extended period, resulting in a richer and more complex flavor profile. Bacardi is a well-known rum producer, an",2025-08-20T19:23:17.924441
1115,Peychaud’s bitters,ENG,True,,3,Liqueur,,"Peychaud’s bitters is an alcoholic cocktail ingredient classified as an aromatic or cocktail bitters, which are alcohol-based infusions of botanicals used in small quantities to flavor drinks[1][4][5]",2025-08-20T19:23:20.920378
1124,Chilled club soda (optional),ENG,False,,5,Other not alcohol,,"Club soda is a carbonated water with added minerals, commonly used as a non-alcoholic mixer in cocktails. It does not fit categories like 'Lemonade', 'Syrup', 'Coffee', 'Fruits', 'Juice', or 'Vegetabl",2025-08-20T19:23:34.111459
1122,"Crème de mûre (blackberry
liqueur)",ENG,True,,3,Liqueur,,"Crème de mûre (blackberry liqueur) is an alcoholic beverage made by macerating blackberries in neutral alcohol and adding sugar, resulting in a sweet, fruit-flavored liqueur. Multiple sources explicit",2025-08-20T19:23:34.547595
1121,"Mandarine napoléon (or other
orange liqueur)",ENG,True,,3,Liqueur,,"Mandarine Napoléon is an orange liqueur made from mandarin oranges, cognac, and botanicals, and is classified as a liqueur in cocktail ingredient references. It is not a rum, absinthe, beer, brandy, w",2025-08-20T19:23:34.935707
1123,Orgeat (or almond) syrup,ENG,False,,7,Syrup,,"Orgeat (or almond) syrup is a sweet, non-alcoholic syrup made primarily from almonds, sugar, and sometimes floral waters, and is widely used as a flavoring syrup in cocktails and beverages. Its defini",2025-08-20T19:23:34.943817
1120,"Poire williams (or other pear
brandy)",ENG,True,,11,Brandy,,"Poire Williams (or other pear brandy) is a type of fruit brandy distilled from pears, specifically the Williams pear. It is classified as an eau de vie, which is a clear, unsweetened fruit brandy. Mul",2025-08-20T19:24:35.112225
1126,"Chilled ginger ale or ginger
beer",ENG,True,,6,Beer,,"Ginger beer is a fermented, carbonated beverage that historically contained alcohol, and even though most modern commercial ginger beers are non-alcoholic, the ingredient specified here is alcoholic. ",2025-08-20T19:24:46.586453
1128,Chilled tonic water,ENG,False,,5,Other not alcohol,,"Chilled tonic water is a non-alcoholic, carbonated soft drink flavored with quinine and sweeteners, commonly used as a mixer in cocktails. It does not fit into the categories of lemonade, syrup, coffe",2025-08-20T19:24:46.833578
1125,Chilled ginger beer,ENG,True,,6,Beer,,"Ginger beer, including 'chilled ginger beer,' is classified as a type of beer due to its traditional brewing process and name, even though most modern ginger beers are non-alcoholic or low in alcohol.",2025-08-20T19:24:46.992548
1129,Dry red wine,ENG,True,,12,Wine,,"Dry red wine is a type of wine made from red grape varieties with minimal residual sugar, and is classified as 'wine' in both cocktail recipes and beverage taxonomy. It is not a distilled spirit, liqu",2025-08-20T19:24:47.206825
1127,Good-quality gin,ENG,True,,0,No matching category,,"Gin is a distinct category of spirit, defined by its juniper-forward botanical profile and production process[1][2]. None of the provided categories—'Rum', 'Liqueur', 'Absinthe', 'Beer', 'Brandy', 'Wi",2025-08-20T19:24:49.885490
1134,Noilly pratt dry vermouth,ENG,True,,12,Wine,,"Noilly Prat Dry Vermouth is a type of vermouth, which is a fortified and aromatized wine made from white wine and infused with botanicals. Multiple sources explicitly categorize it as a wine or fortif",2025-08-20T19:25:02.480588
1133,Chilled gin,ENG,True,,,,,"The ingredient 'Chilled gin' is a type of gin, which is a distinct category of distilled spirit flavored primarily with juniper berries[2][3][1]. None of the available categories ('Rum', 'Liqueur', 'A",2025-08-20T19:25:02.564745
1132,Extra-dry vermouth,ENG,True,,12,Wine,,"Extra-dry vermouth is a type of vermouth, which is an aromatized and fortified wine made from a base of white wine, infused with botanicals, and fortified with neutral spirit. It is classified as a fo",2025-08-20T19:25:03.131445
1130,"Black sambuca (such as opal
nera)",ENG,True,,3,Liqueur,,"Black sambuca, including brands like Opal Nera, is consistently described as an anise-flavored liqueur produced by infusing herbs and spices such as licorice and elderberries, and is classified as a l",2025-08-20T19:25:03.611862
1131,Fresh key lime or other lime juice,ENG,False,,13,Juice,,"Fresh key lime or other lime juice is the liquid extracted from limes, used as a sour component in cocktails and non-alcoholic drinks. It is not a whole fruit, syrup, or lemonade, but specifically a t",2025-08-20T19:25:04.038803
1135,Or orange peel,ENG,False,,10,Fruits,,"Orange peel is the outer skin of the orange fruit, commonly used as a garnish or flavoring in cocktails. It is not a juice, syrup, vegetable, or a processed non-alcoholic ingredient, but rather a dire",2025-08-20T19:25:14.666686
1136,Noilly prat dry vermouth,ENG,True,,12,Wine,,"Noilly Prat Dry Vermouth is a type of vermouth, which is classified as a fortified and aromatized wine. It is made from wine that is fortified and infused with botanicals, and is not a spirit, liqueur",2025-08-20T19:25:15.388415
1139,Egg white (optional),ENG,False,,5,Other not alcohol,,"Egg white is a non-alcoholic ingredient commonly used in cocktails to add texture and foam, but it is not a fruit, vegetable, juice, syrup, coffee, lemonade, or alcohol. Among the available categories",2025-08-20T19:25:15.450318
1138,"Fresh pink (or regular)
grapefruit juice",ENG,False,,13,Juice,,Fresh pink (or regular) grapefruit juice is the liquid extracted from grapefruits and is commonly used as a non-alcoholic mixer in cocktails. It is specifically referred to as 'grapefruit juice' in co,2025-08-20T19:25:15.548928
1137,"Angostura or peychaud’s
bitters",ENG,True,,3,Liqueur,,"Angostura and Peychaud’s bitters are highly alcoholic, concentrated herbal preparations used primarily as cocktail flavoring agents. They are made by infusing high-proof alcohol with botanicals, resul",2025-08-20T19:25:19.071664
1141,Tia maria (or other co,ENG,True,,3,Liqueur,,"Tia Maria is a coffee-flavored liqueur made from coffee beans, Jamaican rum, vanilla, and sugar, with an alcohol content of 20%. It is consistently described as a liqueur in authoritative sources and ",2025-08-20T19:25:29.572699
1143,Kahlúa (or other co,ENG,True,,3,Liqueur,,"Kahlúa is a coffee-flavored liqueur made with rum, coffee, and sugar, and is consistently described as a liqueur in cocktail recipes and ingredient lists. It is not classified as rum, vodka, or any ot",2025-08-20T19:25:31.162653
1140,Chilled white crème de cacao,ENG,True,,3,Liqueur,,"Chilled white crème de cacao is a type of chocolate liqueur, specifically a crème liqueur with a high sugar content and an alcohol content typically between 20–25% ABV. It is not a spirit like rum, vo",2025-08-20T19:25:31.162994
1142,Kahlúa or tia maria,ENG,True,,3,Liqueur,,"Both Kahlúa and Tia Maria are classified as coffee liqueurs, which are sweetened alcoholic beverages flavored with coffee and other ingredients such as vanilla and sugar. Multiple sources explicitly r",2025-08-20T19:25:31.802316
1144,Pimm’s no. 1,ENG,True,,3,Liqueur,,"Pimm’s No. 1 is consistently described as a gin-based liqueur, made by infusing gin with fruit, herbs, and spices. Multiple authoritative sources, including Diageo Bar Academy and Wikipedia, refer to ",2025-08-20T19:25:32.795151
1146,Demerera or spiced rum,ENG,True,,1,Rum,,"Demerara rum is a style of rum produced in Guyana, known for its distinctive flavor and commonly used in cocktails[2][5]. Spiced rum is also a type of rum, typically infused with spices and sometimes ",2025-08-20T19:25:45.391402
1147,Good-quality light rum,ENG,True,,1,Rum,,"Good-quality light rum is a type of rum, specifically a light-bodied or white rum, which is commonly used in cocktails such as the Daiquiri and Mojito. It is distilled from sugarcane products and fits",2025-08-20T19:25:45.586747
1145,Bacardi light or gold rum,ENG,True,,1,Rum,,"Bacardi light or gold rum are both types of rum: light (white) rum is a clear, mild-flavored spirit commonly used in cocktails, while gold rum is slightly aged and has more complexity. Both are distil",2025-08-20T19:25:45.803106
1148,Cachaça (or light rum),ENG,True,,1,Rum,,"Cachaça is a Brazilian distilled spirit made from fermented sugarcane juice, similar to rum, which is typically made from molasses or sugarcane by-products. Although cachaça and rum have distinct prod",2025-08-20T19:25:47.540693
1149,Gold or dark rum,ENG,True,,1,Rum,,"Gold or dark rum are both types of rum, distinguished by their color and aging process. Gold rum is typically aged in oak barrels, giving it a richer flavor and color than white rum, while dark rum is",2025-08-20T19:25:47.903756
1153,Ginger syrup or simple syrup,ENG,False,,7,Syrup,,"Ginger syrup and simple syrup are both sweetened liquid ingredients made by dissolving sugar in water, often with added flavors such as ginger. They are specifically referred to as 'syrup' in cocktail",2025-08-20T19:26:03.155827
1154,Fresh ginger (optional),ENG,False,,15,Vegetables,,"Fresh ginger is botanically classified as a rhizome, which is a type of underground stem commonly grouped with vegetables in culinary contexts. In cocktail recipes, 'fresh ginger' refers to the raw, u",2025-08-20T19:26:03.294153
1152,Chilled cola,ENG,False,,5,Other not alcohol,,"Chilled cola is a carbonated soft drink and a common non-alcoholic mixer in cocktails. It does not fit into the categories of 'Lemonade', 'Syrup', 'Coffee', 'Fruits', 'Juice', or 'Vegetables'. The mos",2025-08-20T19:26:03.380979
1150,Sugar or turbinado sugar,ENG,False,,5,Other not alcohol,,"Sugar and turbinado sugar are non-alcoholic sweeteners commonly used in cocktails either directly or as the base for syrups, but they are not themselves syrups, juices, fruits, or vegetables. The most",2025-08-20T19:26:03.736102
1151,Coconut sorbet or gelato,ENG,False,,5,Other not alcohol,,"Coconut sorbet or gelato is a frozen dessert made primarily from coconut milk, coconut cream, coconut water, sugar, and sometimes fruit juice, but it is not a fruit itself, a juice, a syrup, a vegetab",2025-08-20T19:26:05.194736
1155,"Seeded, cubed watermelon",ENG,False,,10,Fruits,,"Seeded, cubed watermelon is the fresh, edible part of the watermelon plant, which is botanically classified as a fruit. Multiple cocktail recipes use watermelon cubes as a fruit ingredient, and it is ",2025-08-20T19:26:12.011114
1157,Fresh or frozen raspberries,ENG,False,,10,Fruits,,"Fresh or frozen raspberries are whole, edible fruits used directly in cocktails as a garnish, muddled ingredient, or blended component. They are not processed into juice, syrup, or any other form, and",2025-08-20T19:26:12.137355
1159,"Chilled ginger beer (or
ginger ale)",ENG,True,,6,Beer,,"Ginger beer (and ginger ale) are carbonated beverages commonly used as mixers in cocktails, but despite the name, most commercial ginger beer is non-alcoholic. However, when specified as 'alcoholic,' ",2025-08-20T19:26:12.861685
1158,Lime wheel,ENG,False,,10,Fruits,,"A lime wheel is a slice of fresh lime, which is a citrus fruit. It is used as a garnish in cocktails and mocktails, and is not processed into juice, syrup, or any other form. The most accurate categor",2025-08-20T19:26:13.327405
1156,"Banana, peeled and sliced",ENG,False,,10,Fruits,,"Banana, when peeled and sliced, is a fresh fruit used directly in cocktails for its natural sweetness and texture. Multiple sources describe banana as a fruit ingredient in both alcoholic and non-alco",2025-08-20T19:26:14.269071
1162,"Myers’s dark or other dark
jamaican rum",ENG,True,,1,Rum,,"Myers’s dark or other dark Jamaican rum is a distilled spirit made from Jamaican molasses, classified specifically as a dark rum. It is not a liqueur, absinthe, beer, brandy, wine, or vodka, but rathe",2025-08-20T19:26:24.700498
1163,"Martinique rhum vieux or other
aged rum",ENG,True,,1,Rum,,"Martinique rhum vieux and other aged rums are distilled spirits made from sugarcane (either juice or molasses) and matured in barrels, which places them squarely in the 'Rum' category. Specifically, '",2025-08-20T19:26:25.385030
1160,Tangerine (or orange),ENG,False,,10,Fruits,,"Tangerine (or orange) is a whole fruit, and in cocktail recipes it is commonly used either as a fresh fruit, garnish, or muddled ingredient, distinct from its juice form. The most appropriate category",2025-08-20T19:26:25.473176
1164,Orgeat or almond-flavored syrup,ENG,False,,7,Syrup,,"Orgeat is a sweet, non-alcoholic syrup made from almonds, sugar, and sometimes floral water, and is widely used as a cocktail syrup. Multiple sources explicitly describe orgeat as a type of syrup, and",2025-08-20T19:26:26.037864
1161,"Stolichnaya lemon vodka (or
other lemon-",ENG,True,,14,Vodka,,"Stolichnaya lemon vodka is a citrus-flavored vodka, produced by infusing Stolichnaya vodka with lemon and other citrus flavors. It is classified as a flavored vodka, which falls under the broader cate",2025-08-20T19:26:27.006024
1168,Thinly sliced lime wheel,ENG,False,,10,Fruits,,"A thinly sliced lime wheel is a garnish made from the whole lime fruit, sliced crosswise. Limes are botanically classified as fruits, and using a wheel as a garnish does not change its category. The m",2025-08-20T19:26:39.457654
1167,"Fresh mandarin (or tangerine)
juice",ENG,False,,13,Juice,,"Fresh mandarin (or tangerine) juice is the liquid extracted from the fruit, used as a non-alcoholic mixer in cocktails. Multiple cocktail recipes specifically refer to 'fresh mandarin juice' or 'fresh",2025-08-20T19:26:40.123378
1166,"Monin passion fruit syrup (or
other passion fruit syrup)",ENG,True,,,,,"Monin passion fruit syrup (and other passion fruit syrups) are non-alcoholic flavoring syrups, as confirmed by multiple sources stating they contain 0.0% alcohol and are used to add sweetness and flav",2025-08-20T19:26:40.596872
1169,Gold or jamaican rum,ENG,True,,1,Rum,,"Gold rum and Jamaican rum are both types of rum, distinguished by their production methods and aging processes. Gold rum is typically aged in oak barrels, giving it a richer flavor and color than whit",2025-08-20T19:26:40.915100
1165,Orange blossom (or tiny purple orchid),ENG,False,,5,Other not alcohol,,"The ingredient 'Orange blossom (or tiny purple orchid)' refers to a decorative edible flower or garnish, not a beverage, syrup, fruit, juice, or vegetable. It is not alcoholic and does not fit into th",2025-08-20T19:26:40.934279
1171,Cachaça or light rum,ENG,True,,1,Rum,,"Both cachaça and light rum are distilled spirits made from sugarcane. Cachaça is produced from fresh sugarcane juice, while rum (including light rum) is typically made from molasses, a byproduct of su",2025-08-20T19:26:51.545005
1174,"99 bananas liqueur (or
crème de banane)",ENG,True,,3,Liqueur,,"99 Bananas liqueur is a banana-flavored alcoholic beverage with 49.5% ABV, explicitly described as a liqueur by multiple authoritative sources[1][2][3][4]. Crème de banane is also a type of banana liq",2025-08-20T19:26:52.244425
1170,Almond or orgeat syrup,ENG,False,,7,Syrup,,"Orgeat syrup is a sweet, non-alcoholic syrup made primarily from almonds, sugar, and sometimes floral water, and is widely used as a cocktail syrup ingredient. It is classified as a syrup in culinary ",2025-08-20T19:26:52.615066
1173,Mango juice or nectar,ENG,False,,13,Juice,,"Mango juice or nectar is a liquid extracted from mango fruit, commonly used as a beverage and cocktail ingredient. It is classified as a juice, similar to orange or apple juice, and is distinct from s",2025-08-20T19:26:53.031734
1172,"Pomegranate syrup (real
grenadine)",ENG,False,,7,Syrup,,"Pomegranate syrup (real grenadine) is a sweet, non-alcoholic liquid made by combining pomegranate juice and sugar, typically used as a syrup in cocktails and mocktails. Multiple sources explicitly des",2025-08-20T19:26:53.815386
1179,Malibu rum (or other coconut-,ENG,True,,3,Liqueur,,"Malibu rum is technically a coconut liqueur, not a pure rum. It is made by blending Caribbean rum with coconut flavor and sweeteners, resulting in a lower alcohol content (21% ABV) and a sweet, syrupy",2025-08-20T19:27:04.445909
1178,"Chocolate liqueur (such as
godiva)",ENG,True,,3,Liqueur,,"Chocolate liqueur (such as Godiva) is an alcoholic beverage made by combining chocolate with a distilled spirit, typically resulting in a sweet, flavored spirit classified as a liqueur. It is not a ty",2025-08-20T19:27:04.943647
1175,"Vanilla-infused rum (see page
247)",ENG,True,,1,Rum,,"Vanilla-infused rum is a spirit where vanilla beans are infused into a base of rum, resulting in a flavored rum product. It remains fundamentally a type of rum, not a liqueur, as it does not typically",2025-08-20T19:27:04.951466
1177,"Spiced rum (such as captain
morgan)",ENG,True,,1,Rum,,"Spiced rum is a type of rum that is infused with spices such as cinnamon, vanilla, cloves, and others, but its base spirit is still rum. It is not classified as a liqueur or any other spirit type in t",2025-08-20T19:27:05.853872
1176,Light or gold rum,ENG,True,,1,Rum,,"Light or gold rum are both types of rum, distinguished by their color and aging process but sharing the same base spirit category. Light rum (also called white or silver rum) is typically clear and li",2025-08-20T19:27:06.555434
1184,Triple sec or other orange liqueur,ENG,True,,3,Liqueur,,"Triple sec and other orange liqueurs are classified as liqueurs because they are sweetened, flavored spirits made by infusing neutral alcohol with orange peels and sugar[3][2][4]. They are not rum, br",2025-08-20T19:27:18.371562
1181,"Pernod (or other absinthe
substitute)",ENG,True,,4,Absinthe,,"Pernod is an anise-flavored spirit created as a substitute for absinthe after absinthe was banned, and it is commonly used in cocktails as an absinthe alternative. While technically an anise liqueur a",2025-08-20T19:27:19.191093
1182,Gold (añejo) rum,ENG,True,,1,Rum,,"Gold (añejo) rum is a type of rum that has been aged, giving it a golden color and richer flavor profile. The term 'añejo' specifically refers to aged rum, and multiple sources confirm that añejo or g",2025-08-20T19:27:19.370168
1183,"Pepper-infused tequila (see
page 71)",ENG,True,,0,,,"Pepper-infused tequila is a type of tequila that has been flavored by infusing it with chili peppers, but it remains fundamentally a tequila-based spirit[1][2][3][4][5]. However, none of the available",2025-08-20T19:27:19.548367
1180,"Pineapple-infused rum (see
page 247)",ENG,True,,1,Rum,,"Pineapple-infused rum is a spirit made by infusing rum with pineapple, either through maceration or flavoring, but the base and primary alcohol remains rum. Commercial examples such as Plantation Pine",2025-08-20T19:27:20.217041
1186,"Garlic, finely minced",ENG,False,,15,Vegetables,,"Garlic is botanically classified as a vegetable and is commonly used as a savory ingredient in cocktails such as Bloody Marys and other savory drinks[3][4]. It is not a fruit, juice, syrup, or lemonad",2025-08-20T19:27:32.297875
1188,"Clove garlic,",ENG,False,,15,Vegetables,,"Clove garlic is a non-alcoholic, plant-based ingredient commonly used in both culinary and cocktail applications for its savory, aromatic qualities. Botanically, garlic is classified as a vegetable, a",2025-08-20T19:27:33.385604
1185,"Washed, stemmed, halved orange
cherry tomatoes",ENG,False,,15,Vegetables,,"Cherry tomatoes, including orange varieties, are botanically classified as fruits but are universally treated as vegetables in culinary and cocktail contexts. They are not sweet fruits used for garnis",2025-08-20T19:27:33.828826
1187,Tomato or v8 juice,ENG,False,,13,Juice,,"Tomato juice and V8 juice are both classified as juices, as they are beverages made by extracting liquid from tomatoes or a blend of vegetables, respectively. Tomato juice is specifically described as",2025-08-20T19:27:34.365472
1189,"Tabasco sauce or other hot
sauce",ENG,False,,5,Other not alcohol,,"Tabasco sauce and other hot sauces are non-alcoholic condiments made primarily from chili peppers, vinegar, and salt, and are used to add heat and flavor to cocktails. They do not fit into categories ",2025-08-20T19:28:34.865312
1194,Good-quality reposado tequila,ENG,True,,14,Vodka,,"Reposado tequila is a type of tequila, which is a distilled spirit made from the blue agave plant and aged in oak barrels for 2-12 months[5]. None of the provided categories specifically list 'Tequila",2025-08-20T19:28:41.564230
1193,"Sliced, hulled fresh strawberries",ENG,False,,10,Fruits,,"Sliced, hulled fresh strawberries are the whole, unprocessed fruit used as a cocktail ingredient. Multiple sources confirm that strawberries are classified as fruits and are commonly used fresh, muddl",2025-08-20T19:28:42.331220
1190,Kahlúa (or tia maria),ENG,True,,3,Liqueur,,"Kahlúa and Tia Maria are both classified as coffee liqueurs, which are sweet, flavored alcoholic beverages made by infusing coffee and other flavors into a spirit base, typically rum. Multiple authori",2025-08-20T19:28:42.430683
1192,"Citrónge (or other orange
liqueur)",ENG,True,,3,Liqueur,,"Citrónge is described as an orange liqueur, specifically a clear, orange-flavored liqueur made with orange peels, neutral spirit, and sugar. It is used in cocktails as a substitute for triple sec or c",2025-08-20T19:28:42.818012
1191,"Vanilla-infused tequila (see
page 71)",ENG,True,,0,Tequila,,"Vanilla-infused tequila is a spirit where tequila, a distilled alcoholic beverage made from the blue agave plant, is infused with vanilla for added flavor. Among the available categories, none specifi",2025-08-20T19:28:44.398463
1196,Small pink orchids (optional,ENG,False,,5,Other not alcohol,,"Small pink orchids are edible flowers commonly used as garnishes in cocktails and desserts, but they are not fruits, vegetables, juice, syrup, coffee, lemonade, or alcohol. The most appropriate catego",2025-08-20T19:28:56.776717
1198,Triple sec or cointreau,ENG,True,,3,Liqueur,,"Both Triple sec and Cointreau are orange-flavored liqueurs. Cointreau is specifically described as a premium orange liqueur and a type of triple sec, which itself is a category of orange-flavored liqu",2025-08-20T19:28:57.127785
1197,"Nectarine, pitted and sliced",ENG,False,,10,Fruits,,"A nectarine is a type of stone fruit, and when used pitted and sliced in cocktails, it is utilized as a fresh fruit ingredient rather than as a juice, syrup, or other processed form. Multiple cocktail",2025-08-20T19:28:57.161206
1199,"Maraschino cherry juice (from a
jar of cherries)",ENG,False,,5,Other not alcohol,,"Maraschino cherry juice from a jar is a sweet, flavored syrupy liquid used as a cocktail ingredient, but it is not a pure fruit juice nor a standard syrup. It is a byproduct of preserving cherries in ",2025-08-20T19:28:59.116617
1195,Thinly sliced english cucumber,ENG,False,,15,Vegetables,,"English cucumber is botanically classified as a vegetable and is used in cocktails either as juice, slices, or garnish. The ingredient 'thinly sliced english cucumber' is not a fruit, juice, or syrup,",2025-08-20T19:28:59.248109
1200,Grenadine (or chambord),ENG,False,,7,Syrup,,"Grenadine is a nonalcoholic bar syrup commonly used in cocktails, distinguished by its sweetness, mild flavor, and red color[1][2][3][4]. It is made from fruit juices and sugar, resulting in a thick, ",2025-08-20T19:29:09.783260
1201,Good-quality silver tequila,ENG,True,,1,Rum,,"None of the available categories directly match tequila, which is a distinct distilled spirit made from the blue agave plant[1]. The provided list does not include 'Tequila' or 'Agave Spirits.' Of the",2025-08-20T19:29:11.112760
1202,Vodka (regular or apple,ENG,True,,14,Vodka,,"The ingredient 'Vodka (regular or apple)' refers to vodka, which is a distilled spirit that can be unflavored (regular) or flavored (such as apple). Both regular vodka and apple-flavored vodka are cla",2025-08-20T19:29:11.504457
1204,"Horseradish (freshly grated, if
possible)",ENG,False,,15,Vegetables,,"Horseradish is a root vegetable, as explicitly described in multiple sources, and is used freshly grated in cocktail recipes for its pungent flavor. It is not a fruit, juice, syrup, or any of the othe",2025-08-20T19:29:11.548408
1203,Apple purée (or apple juice),ENG,False,,13,Juice,,"Apple purée and apple juice are both liquid or semi-liquid forms derived from apples and are commonly used as juice components in cocktails. Apple juice is explicitly a juice, and apple purée, when us",2025-08-20T19:29:12.069811
1207,"Wasabi (or prepared
horseradish)",ENG,False,,15,Vegetables,,"Wasabi and prepared horseradish are both plant roots commonly used as spicy condiments, and both are botanically classified as vegetables. In cocktail recipes, wasabi is used for its pungent, vegetal ",2025-08-20T19:29:24.120823
1205,Vodka (or pepper-flavored vodka),ENG,True,,14,Vodka,,"Vodka, including pepper-flavored vodka, is a distilled spirit that falls under the 'Vodka' category. Flavored vodkas are considered a sub-type of vodka and are used in cocktails in the same way as reg",2025-08-20T19:29:24.528363
1209,"Godiva chocolate liqueur (or
dark crème de cacao)",ENG,True,,3,Liqueur,,"Godiva chocolate liqueur and dark crème de cacao are both classified as liqueurs, which are sweetened spirits flavored with chocolate or cocoa. Multiple sources explicitly describe Godiva chocolate li",2025-08-20T19:29:24.569845
1206,Chilled tomato juice,ENG,False,,13,Juice,,"Chilled tomato juice is a non-alcoholic liquid extracted from tomatoes and is widely recognized as a type of juice, commonly used in cocktails such as the Bloody Mary. Authoritative sources describe t",2025-08-20T19:29:25.180536
1208,Vodka (or vanilla-flavored vodka),ENG,True,,14,Vodka,,"Vodka, including vanilla-flavored vodka, is a distilled spirit that falls under the 'Vodka' category. Flavored vodkas are considered a sub-type of vodka and are used interchangeably with unflavored vo",2025-08-20T19:29:25.638243
1211,Espresso or strong co,ENG,False,,8,Coffee,,"Espresso or strong coffee is a brewed coffee beverage and is consistently used as the coffee component in cocktails such as the Espresso Martini. It is not an alcohol, syrup, juice, or other non-alcoh",2025-08-20T19:29:37.943397
1213,Grand marnier (or cointreau),ENG,True,,3,Liqueur,,"Both Grand Marnier and Cointreau are classified as orange liqueurs, which are sweetened, flavored alcoholic spirits distinct from base spirits like rum, brandy, or vodka. Grand Marnier is a blend of C",2025-08-20T19:29:38.081458
1212,"Sparkling tangerine or
orange beverage",ENG,False,,5,Other not alcohol,,"A 'sparkling tangerine or orange beverage' is a carbonated, non-alcoholic drink made with tangerine or orange juice and sparkling water, as seen in products like Spindrift Blood Orange Tangerine, whic",2025-08-20T19:29:38.706726
1214,Midori or other melon liqueur,ENG,True,,3,Liqueur,,"Midori and other melon liqueurs are classified as liqueurs, which are sweetened alcoholic beverages flavored with various ingredients—in this case, melon. Multiple sources confirm that Midori is a mel",2025-08-20T19:29:39.481414
1210,Chilled 7-up,ENG,False,,5,Other not alcohol,,"Chilled 7-up is a carbonated soft drink composed mainly of water, sweeteners, and flavorings, and does not fit into the categories of 'Lemonade', 'Syrup', 'Coffee', 'Juice', 'Fruits', or 'Vegetables'.",2025-08-20T19:29:42.456435
1219,Chilled purple grape juice,ENG,False,,13,Juice,,"Chilled purple grape juice is a non-alcoholic beverage made by extracting the liquid from grapes. Among the provided categories, 'Juice' is the most precise and appropriate classification, as it speci",2025-08-20T19:29:52.072977
1215,Ginger beer (or ginger ale),ENG,True,,6,Beer,,"Ginger beer (and ginger ale) are carbonated beverages traditionally brewed and fermented, classifying them as a type of beer, even though most modern commercial versions are non-alcoholic or low-alcoh",2025-08-20T19:29:53.250904
1217,"Ginger-infused vodka (see page
70)",ENG,True,,14,Vodka,,"Ginger-infused vodka is made by infusing fresh ginger into plain vodka, resulting in a flavored vodka but not changing its base spirit category. It remains a vodka product, not a liqueur or any other ",2025-08-20T19:29:55.246968
1216,"Seeded, peeled, cubed papaya",ENG,False,,10,Fruits,,"Seeded, peeled, cubed papaya is the raw, unprocessed flesh of a fruit and is used in cocktails as a fresh fruit ingredient, not as juice, syrup, or any processed form. Multiple cocktail recipes use fr",2025-08-20T19:29:56.374862
1218,Chilled premium sake,ENG,True,,12,Wine,,"Sake is a traditional Japanese alcoholic beverage made from fermented rice, water, koji mold, and yeast. It is classified as a type of rice wine, not a spirit or liqueur, and is most closely related t",2025-08-20T19:29:56.980721
1223,"Peppermint schnapps (or white
crème de menthe)",ENG,True,,3,Liqueur,,"Peppermint schnapps is consistently described as a mint-flavored liqueur, made by adding peppermint flavoring to a clear grain spirit, and is classified as a liqueur in multiple authoritative sources[",2025-08-20T19:30:07.263665
1220,Dry sake,ENG,True,,12,Wine,,"Dry sake is an alcoholic beverage made by fermenting rice and is commonly referred to as Japanese rice wine, even though its production process differs from grape wine. Among the available categories,",2025-08-20T19:30:07.623684
1224,Rye (or blended whiskey),ENG,True,,0,,,"None of the available categories ('Rum', 'Liqueur', 'Absinthe', 'Beer', 'Brandy', 'Wine', 'Vodka') match 'Rye (or blended whiskey)'. Rye whiskey and blended whiskey are types of whiskey, which is a di",2025-08-20T19:30:07.936890
1221,Lemon-flavored vodka),ENG,True,,14,Vodka,,"Lemon-flavored vodka is a type of vodka that has been infused or flavored with lemon, but it remains fundamentally a vodka product rather than a liqueur or any other spirit. Flavored vodkas are classi",2025-08-20T19:30:10.632367
1222,Midori (or other melon-flavored liquer),ENG,True,,3,Liqueur,,"Midori is explicitly described as a melon-flavored liqueur with a lower alcohol by volume than base spirits, and is used as a sweet, flavored ingredient in cocktails. The term 'liqueur' is consistentl",2025-08-20T19:30:11.121818
1229,Milk (or 3 ounces half-and-half),ENG,False,,5,Other not alcohol,,"Milk and half-and-half are non-alcoholic dairy products commonly used in cocktails for texture and flavor, but they do not fit into any of the other provided categories such as 'Lemonade', 'Syrup', 'C",2025-08-20T19:30:22.590761
1227,Vanilla beans,ENG,False,,5,Other not alcohol,,"Vanilla beans are a non-alcoholic ingredient used to impart flavor in cocktails, syrups, and infusions. They are not a fruit, vegetable, juice, syrup (on their own), coffee, lemonade, or alcohol. Whil",2025-08-20T19:30:23.294983
1228,"Cointreau (or maraschino
liqueur)",ENG,True,,3,Liqueur,,"Both Cointreau and maraschino liqueur are classified as liqueurs. Cointreau is specifically described as an orange liqueur and is officially recognized as such, while maraschino is a cherry-flavored l",2025-08-20T19:30:24.739590
1225,Absinthe substitute (pernod or anisette),ENG,True,,3,Liqueur,,"Absinthe substitutes such as Pernod and anisette are anise-flavored spirits or liqueurs, typically bottled at around 40% ABV and used in cocktails as a replacement for absinthe. Pernod is specifically",2025-08-20T19:30:25.180952
1226,Bourbon (or blended whiskey),ENG,True,,0,,,"None of the available categories ('Rum', 'Liqueur', 'Absinthe', 'Beer', 'Brandy', 'Wine', 'Vodka') match 'Bourbon (or blended whiskey)'. Bourbon is a type of whiskey, which is a distinct category of d",2025-08-20T19:30:26.275582
1232,Lemon or tangerine,ENG,False,,10,Fruits,,"Both lemon and tangerine are whole fruits commonly used in cocktails for their juice, zest, or as garnish. The recipes provided use fresh tangerine and lemon, either squeezed for juice or cut for garn",2025-08-20T19:30:37.434630
1231,"Bourbon (or blended canadian
whisky)",ENG,True,,0,,,"Bourbon and blended Canadian whisky are both types of whisky (or whiskey), which are distilled spirits made primarily from grains and aged in barrels. None of the provided categories ('Rum', 'Liqueur'",2025-08-20T19:30:38.015346
1230,Scotch or bourbon,ENG,True,,0,No matching category,,"Scotch and bourbon are both types of whiskey, which is a distinct category of distilled spirit not listed among the available options. The provided categories do not include 'Whiskey' or any equivalen",2025-08-20T19:30:38.451698
1234,Bourbon (or rye),ENG,True,,0,,,"None of the available categories ('Rum', 'Liqueur', 'Absinthe', 'Beer', 'Brandy', 'Wine', 'Vodka') match 'Bourbon (or rye)'. Bourbon and rye are both types of whiskey, which is a distinct category of ",2025-08-20T19:30:40.410084
1233,"Rye, bourbon, or blended
canadian whisky",ENG,True,,0,,,"The ingredient 'Rye, bourbon, or blended Canadian whisky' refers to types of whisky, which are distilled spirits made from fermented grain mash and aged in barrels[4]. None of the available categories",2025-08-20T19:30:40.564553
1235,Pernod (or herbsaint),ENG,True,,3,Liqueur,,"Pernod (and Herbsaint) are anise-flavored spirits classified as pastis, which is a type of French liqueur. Multiple sources explicitly describe Pernod as an anise liqueur, crafted with botanicals and ",2025-08-20T19:30:47.575343
1238,Herbsaint (or pernod or ricard),ENG,True,,3,Liqueur,,"Herbsaint, as well as Pernod and Ricard, are all anise-flavored spirits that are classified as liqueurs. Herbsaint was created as an absinthe substitute and is consistently described as a liqueur in a",2025-08-20T19:30:47.804565
1239,Seagram’s 7 crown whiskey,ENG,True,,0,,,"Seagram’s 7 Crown is an American blended whiskey[1][2][3][4][5]. None of the available categories ('Rum', 'Liqueur', 'Absinthe', 'Beer', 'Brandy', 'Wine', 'Vodka') include 'Whiskey' or a suitable equi",2025-08-20T19:30:47.825300
1237,Peychaud’s or angostura bitters,ENG,True,,3,Liqueur,,"Peychaud’s and Angostura bitters are alcoholic cocktail ingredients made by infusing herbs, spices, and botanicals into a high-proof spirit base. While not consumed as standalone spirits, bitters are ",2025-08-20T19:30:47.990932
1236,Cognac (or bourbon or rye),ENG,True,,11,Brandy,,"Cognac is a type of brandy, and both bourbon and rye are types of whiskey. Among the available categories, 'Brandy' is the most appropriate for Cognac, which is the first and primary spirit listed in ",2025-08-20T19:30:48.627480
1243,Chilled white wine,ENG,True,,12,Wine,,"Chilled white wine is a type of wine made from green or yellow grapes and is commonly used as a base ingredient in cocktails such as spritzers and sangria[1][2][3][4]. Among the available categories, ",2025-08-20T19:30:59.657818
1242,Blended or other whiskey,ENG,True,,0,,,"Blended or other whiskey is a distilled spirit made from grain, falling under the general category of whiskey, which is not represented in the provided list of categories. The available categories inc",2025-08-20T19:31:00.212833
1244,"Chilled light, dry red wine",ENG,True,,12,Wine,,"Chilled light, dry red wine is a type of wine made from fermented grapes, fitting the standard definition of 'Wine' as a category for alcoholic drinks. It is not distilled, flavored, or fortified, and",2025-08-20T19:31:02.114854
1241,Lemon or orange,ENG,False,,10,Fruits,,"Lemon and orange are both whole fruits commonly used in cocktails for their juice, zest, or as garnishes. The search results consistently reference fresh squeezed lemon and orange juice, as well as sl",2025-08-20T19:31:03.050780
1240,"Blended canadian whisky or
bourbon",ENG,True,,0,,,"Neither 'Blended canadian whisky' nor 'bourbon' matches any of the available categories exactly. Both are types of whisky, but there is no 'Whisky' or 'Whiskey' category in the provided list. The avai",2025-08-20T19:31:03.461836
1249,Chilled dry red wine,ENG,True,,12,Wine,,"Chilled dry red wine is a type of wine, specifically a red wine served cold. It is not distilled, flavored, or fortified, and does not fit the definitions of rum, liqueur, absinthe, beer, brandy, or v",2025-08-20T19:31:10.209989
1247,Chilled dry white wine,ENG,True,,12,Wine,,Chilled dry white wine is a type of wine made from white grapes and is commonly used as a base ingredient in cocktails such as spritzers and sangria. It is not distilled and does not fit the definitio,2025-08-20T19:31:10.651553
1245,"Bottle dry red wine, chilled",ENG,True,,12,Wine,,"The ingredient 'Bottle dry red wine, chilled' is a type of wine, specifically a dry red wine, which is directly covered by the category 'Wine'. This is supported by cocktail classification sources tha",2025-08-20T19:31:11.641063
1248,"Chilled dry white wine (such as
chardonnay, pinot gris, or sauvignon
blanc)",ENG,True,,12,Wine,,"Chilled dry white wine (such as chardonnay, pinot gris, or sauvignon blanc) is a type of wine made from white grapes and is commonly used as a base ingredient in cocktails. It is not distilled like sp",2025-08-20T19:31:14.989982
1246,"Bottle club soda, chilled",ENG,False,,5,Other not alcohol,,"Club soda is a carbonated water with added minerals, used primarily as a non-alcoholic mixer in cocktails and other beverages. It does not fit categories such as 'Lemonade', 'Syrup', 'Coffee', 'Juice'",2025-08-20T19:31:15.614153
1252,Dry (fino) sherry,ENG,True,,12,Wine,,"Dry (fino) sherry is a type of fortified wine produced in Spain, specifically classified as a dry style of sherry. Multiple sources confirm that sherry, including dry varieties like fino, is fundament",2025-08-20T19:31:22.321751
1250,Chilled lemon-lime soda,ENG,False,,5,Other not alcohol,,"Chilled lemon-lime soda is a sweetened, carbonated soft drink commonly used as a mixer in cocktails and mocktails. It is not a juice, syrup, lemonade, fruit, or vegetable, and does not contain alcohol",2025-08-20T19:31:23.206610
1254,Dry rosé wine,ENG,True,,12,Wine,,"Dry rosé wine is a type of wine made from red grape varieties with minimal skin contact to achieve its pink color and dry profile. It is not distilled or fortified, and is classified alongside other w",2025-08-20T19:31:23.583799
1251,Peychaud’s or orange bitters,ENG,True,,3,Liqueur,,"Peychaud’s and orange bitters are classified as bitters, which are alcoholic flavoring agents made by infusing spirits with botanicals, herbs, and spices. While not consumed as standalone spirits, bit",2025-08-20T19:31:24.541627
1253,Orange or lemon,ENG,False,,10,Fruits,,"The ingredient 'Orange or lemon' refers to the whole fruit or its fresh parts (such as slices, wedges, or muddled pieces), which are commonly used in cocktails for flavor, garnish, or muddling. Both o",2025-08-20T19:31:24.848432
1258,"Lemon, cut into strips",ENG,False,,10,Fruits,,"Lemon, when cut into strips for cocktail use, is typically used as a garnish (such as twists or spirals) and is derived directly from the whole fruit. It is not processed into juice, syrup, or lemonad",2025-08-20T19:31:40.313979
1255,Pale dry sherry,ENG,True,,12,Wine,,"Pale dry sherry is a type of fortified wine produced in Spain, specifically classified under the broader category of sherry wines. It is not a spirit, liqueur, or beer, but rather a wine that has unde",2025-08-20T19:31:40.667944
1257,"Orange, cut into strips",ENG,False,,10,Fruits,,"The ingredient 'Orange, cut into strips' refers to a fresh orange that has been sliced, typically used as a garnish or flavoring in cocktails. Oranges are botanically classified as fruits, and the mos",2025-08-20T19:31:40.871201
1259,"Hot, freshly brewed coffee",ENG,False,,8,Coffee,,"Hot, freshly brewed coffee is the primary non-alcoholic base in classic coffee cocktails such as Irish Coffee and Calypso Coffee, where it is specifically referred to as 'coffee' in both ingredient li",2025-08-20T19:31:41.060665
1256,Bottles dry red wine,ENG,True,,12,Wine,,"The ingredient 'Bottles dry red wine' refers specifically to a type of wine made from red grapes with minimal residual sugar, commonly used in cocktails and as a standalone alcoholic beverage. Among t",2025-08-20T19:31:41.798360
1263,Dry white wine,ENG,True,,12,Wine,,"Dry white wine is a type of wine made from white grapes with minimal residual sugar, and is classified as 'Wine' in cocktail ingredient categories according to its definition and usage in cocktails[1]",2025-08-20T19:31:47.888921
1260,"Hot milk (or 6 ounces hot milk
and 6 ounces hot water)",ENG,False,,5,Other not alcohol,,"Hot milk is a non-alcoholic ingredient and does not fit into any of the more specific categories such as 'Lemonade', 'Syrup', 'Coffee', 'Fruits', 'Juice', or 'Vegetables'. It is commonly used as a bas",2025-08-20T19:31:49.013289
1262,Granulated or brown sugar,ENG,False,,5,Other not alcohol,,"Granulated or brown sugar is a non-alcoholic sweetener commonly used in cocktails either directly or as the base for syrups[3][5]. It does not fit into the categories of 'Lemonade', 'Syrup', 'Coffee',",2025-08-20T19:31:49.213399
1264,Apricot liqueur (or brandy),ENG,True,,3,Liqueur,,"Apricot liqueur is classified as a fruit liqueur, typically made by infusing apricots in neutral spirits and sweetening the result[1][3][4]. While 'apricot brandy' can refer to a brandy-based liqueur,",2025-08-20T19:31:49.260571
1261,"Freshly grated or ground
nutmeg",ENG,False,,5,Other not alcohol,,"Freshly grated or ground nutmeg is a spice derived from the seed of the nutmeg tree and is commonly used as a garnish or flavoring in cocktails, not as a primary beverage, syrup, fruit, juice, or vege",2025-08-20T19:31:49.739313
1267,"Frozen lemonade concentrate
(thawed)",ENG,False,,2,Lemonade,,"Frozen lemonade concentrate (thawed) is a concentrated form of lemonade, intended to be diluted with water or other liquids to make lemonade. Multiple sources describe it as a strong version of lemona",2025-08-20T19:32:01.610960
1266,Lime-flavored ice cubes( made from limeade) or regular ice cubes,ENG,False,,5,Other not alcohol,,"Lime-flavored ice cubes made from limeade, as well as regular ice cubes, are non-alcoholic and do not fit into the categories of 'Lemonade', 'Syrup', 'Coffee', 'Other alcohol', 'Fruits', 'Juice', or '",2025-08-20T19:32:01.611104
1265,Cointreau (or curaçao),ENG,True,,3,Liqueur,,"Cointreau and curaçao are both orange-flavored liqueurs, specifically classified as types of triple sec or curaçao, which are subcategories of liqueur. Multiple authoritative sources describe Cointrea",2025-08-20T19:32:02.111729
1268,"Chilled muscat white
wine",ENG,True,,12,Wine,,"Chilled muscat white wine is made from Muscat grapes and is classified as a type of wine, typically enjoyed chilled. Muscat wines are produced in a variety of styles, but when specified as 'white wine",2025-08-20T19:32:03.351138
1269,Chilled light rum,ENG,True,,1,Rum,,"Chilled light rum is a type of rum, specifically a 'light' or 'white' rum, which is commonly used in cocktails such as the Mojito and Daiquiri. It is not a liqueur, absinthe, beer, brandy, wine, or vo",2025-08-20T19:32:03.474720
1271,"Strawberries, hulled and sliced",ENG,False,,10,Fruits,,"Strawberries are botanically classified as fruits and are commonly used in cocktails in their fresh, hulled, and sliced form. Multiple sources describe strawberries as a fruit ingredient in cocktails,",2025-08-20T19:32:15.748500
1273,Chilled brandy,ENG,True,,11,Brandy,,"Chilled brandy refers to brandy that has been cooled, typically by shaking or stirring with ice, but it remains fundamentally brandy—a distilled spirit made from wine or other fermented fruit juice. N",2025-08-20T19:32:15.895034
1272,Chilled dark rum,ENG,True,,1,Rum,,"Chilled dark rum is a type of rum distinguished by its darker color and fuller flavor profile, typically resulting from aging or the addition of caramel coloring. It is not a liqueur, absinthe, beer, ",2025-08-20T19:32:16.183616
1270,Chilled apricot nectar,ENG,False,,13,Juice,,"Chilled apricot nectar is a non-alcoholic beverage made from pureed apricots, often diluted with water and sometimes sweetened, resulting in a thick, fruit-forward liquid that is classified as a type ",2025-08-20T19:32:16.549663
1274,"Chilled dry red wine
(preferably a rioja)",ENG,True,,12,Wine,,"Chilled dry red wine, such as Rioja, is a type of wine and is used as a primary ingredient in many wine-based cocktails. The most appropriate category from the provided list is 'Wine'[1][2].",2025-08-20T19:32:16.689414
1277,Cubed fresh or frozen pineapple,ENG,False,,10,Fruits,,"Cubed fresh or frozen pineapple is the edible part of the pineapple fruit, used as a whole ingredient in cocktails for flavor, garnish, or blending. It is not a juice, syrup, vegetable, or alcohol, an",2025-08-20T19:32:29.330953
1276,"Diced fresh coconut meat (or 2
ounces coconut milk)",ENG,False,,10,Fruits,,"Diced fresh coconut meat is the edible part of the coconut fruit, and coconut milk is a liquid derived from the grated meat of mature coconuts. Both are directly sourced from the coconut, which is bot",2025-08-20T19:32:29.331071
1278,"Banana, peeled and slice",ENG,False,,10,Fruits,,A peeled and sliced banana is a fresh fruit used directly in cocktails for its flavor and texture. Multiple sources confirm bananas are commonly categorized as fruits in cocktail ingredient lists and ,2025-08-20T19:32:29.605940
1275,"Peaches, pitted and sliced",ENG,False,,10,Fruits,,"Peaches, when pitted and sliced, are the edible part of the fruit and are used as a fresh fruit ingredient in cocktails. Multiple sources describe the use of fresh peaches, peach slices, or peach puré",2025-08-20T19:32:29.611391
1279,"Pears, cored and sliced",ENG,False,,10,Fruits,,"The ingredient 'Pears, cored and sliced' is a fresh fruit used directly in cocktails, either as a garnish, muddled, or as part of the drink base. Multiple cocktail recipes and ingredient guides classi",2025-08-20T19:32:29.935659
1282,"Chilled champagne or other
sparkling wine",ENG,True,,12,Wine,,Champagne and other sparkling wines are types of wine that have undergone a secondary fermentation to create carbonation. Multiple sources confirm that Champagne and sparkling wines are used interchan,2025-08-20T19:32:37.269730
1283,Freezer-chilled vodka,ENG,True,,14,Vodka,,Freezer-chilled vodka is simply vodka that has been stored at a low temperature to enhance its texture and serving experience; chilling does not alter its fundamental category. Among the provided opti,2025-08-20T19:32:38.266437
1284,Chilled vodka,ENG,True,,14,Vodka,,"Chilled vodka refers to vodka that has been cooled before serving, but it remains fundamentally vodka, which is a neutral spirit distilled from various fermentable materials and commonly used as a bas",2025-08-20T19:32:38.686203
1280,"Granny smith apples, cored and sliced",ENG,False,,10,Fruits,,"Granny Smith apples are a type of fruit, specifically a variety of apple, and are used in cocktails both as a fresh ingredient and as a garnish. The ingredient 'Granny smith apples, cored and sliced' ",2025-08-20T19:32:40.111043
1281,"Fresh
mint leaves (approximately 20 leaves)",ENG,False,,5,Other not alcohol,,"Fresh mint leaves are a non-alcoholic, non-fruit, non-vegetable botanical herb commonly used in cocktails for their aromatic and flavoring properties. They do not fit into the categories of 'Lemonade'",2025-08-20T19:33:38.787283
1289,"Godiva chocolate liqueur (or
crème de cacao)",ENG,True,,3,Liqueur,,"Godiva chocolate liqueur and crème de cacao are both classified as chocolate-flavored liqueurs, which are sweetened spirits infused with chocolate or cocoa flavors and typically have a lower alcohol c",2025-08-20T19:33:50.989426
1288,"Green tabasco (or other hot
sauce), or to taste",ENG,False,,5,Other not alcohol,,"Green Tabasco (or other hot sauce) is a non-alcoholic condiment made primarily from chili peppers, vinegar, and salt, and is used to add heat and flavor to cocktails. It does not fit into categories l",2025-08-20T19:33:51.027400
1285,"Rose’s lime juice (or fresh lime
juice)",ENG,False,,13,Juice,,"Rose’s lime juice and fresh lime juice are both primarily lime juice products. Rose’s is a sweetened, preserved lime juice cordial, but its main ingredient is lime juice concentrate, and it is used as",2025-08-20T19:33:52.096541
1286,Freezer-chilled citron vodka,ENG,True,,14,Vodka,,"Freezer-chilled citron vodka is a type of vodka that has been flavored with citrus (citron) and chilled in the freezer. The base spirit is still vodka, and flavoring or serving temperature does not ch",2025-08-20T19:33:53.402591
1287,"Salsa (medium to hot,
according to taste)",ENG,False,,15,Vegetables,,"Salsa is typically made from a combination of chopped vegetables such as tomatoes, onions, and peppers, often with added herbs and citrus juice. While it may contain some fruit or other ingredients, i",2025-08-20T19:33:53.741517
1292,Grated lime zest (optional),ENG,False,,10,Fruits,,"Grated lime zest is derived from the outer peel of the lime, which is a citrus fruit. Zest is considered part of the fruit and is used to impart citrus flavor in cocktails and culinary applications[3]",2025-08-20T19:34:05.209066
1290,"Orangina (or other sparkling
orange beverage)",ENG,True,,6,Beer,,"Orangina (or other sparkling orange beverage) is a carbonated soft drink made from citrus juice and carbonated water, and is not an alcoholic beverage nor a beer, wine, spirit, or liqueur[1][2][3][4].",2025-08-20T19:34:05.640026
1294,Fresh mint leaves,ENG,False,,5,Other not alcohol,,"Fresh mint leaves are a non-alcoholic, aromatic herb commonly used in cocktails for flavor and garnish[1][2][3][4][5]. They do not fit into the provided categories of 'Lemonade', 'Syrup', 'Coffee', 'O",2025-08-20T19:34:05.713698
1293,"Triple sec (or other orange
liqueur)",ENG,True,,3,Liqueur,,"Triple sec (or other orange liqueur) is an orange-flavored liqueur, typically containing 15-40% alcohol by volume. It is made by steeping orange peels in neutral spirit and is classified as a liqueur,",2025-08-20T19:34:06.393614
1291,"Box sparkling mandarin
orange gelatin (or orange gelatin)",ENG,False,,5,Other not alcohol,,"Box sparkling mandarin orange gelatin (or orange gelatin) is a processed, non-alcoholic dessert mix primarily composed of sugar, gelatin, flavorings, and colorings. It does not fit into categories lik",2025-08-20T19:34:06.497971
1297,"Chilled jamaican ginger beer
or ginger ale",ENG,True,,6,Beer,,"Chilled Jamaican ginger beer or ginger ale, when alcoholic, is classified as a type of beer due to its brewing process and historical categorization as a fermented beverage[3]. Among the available cat",2025-08-20T19:34:15.881149
1298,"Softened coconut sorbet or coconut
gelato",ENG,False,,5,Other not alcohol,,"Softened coconut sorbet or coconut gelato is a non-alcoholic, frozen dessert made primarily from coconut milk, sugar, and sometimes coconut cream, and does not fit into categories like 'Lemonade', 'Sy",2025-08-20T19:34:16.989910
1295,"Simple syrup (or 1 tablespoon
superfine sugar)",ENG,False,,7,Syrup,,"Simple syrup is a liquid sweetener made by dissolving sugar in water, commonly used in cocktails as a sweetening agent. It is classified as a syrup, not a juice, fruit, or other non-alcoholic ingredie",2025-08-20T19:34:17.407450
1296,Fresh cilantro leaves,ENG,False,,15,Vegetables,,"Fresh cilantro leaves are the leafy part of the coriander plant (Coriandrum sativum), which is an herbaceous plant used in cooking and cocktails[3][4]. Among the available categories, 'Vegetables' is ",2025-08-20T19:34:17.608722
1299,Chilled,ENG,False,,5,Other not alcohol,,"""Chilled"" refers to the temperature or state of an ingredient (i.e., served cold), not a specific ingredient itself. Since it is not a beverage, syrup, juice, fruit, vegetable, or coffee, the most app",2025-08-20T19:34:17.705546
1302,Ginger syrup (see page 73),ENG,False,,7,Syrup,,"Ginger syrup is a sweetened liquid made by simmering ginger with sugar and water, resulting in a flavored syrup used for cocktails and non-alcoholic beverages. It fits the definition of a syrup, not a",2025-08-20T19:34:28.860341
1304,Chilled tomato or v8 juice,ENG,False,,13,Juice,,"Chilled tomato or V8 juice is a beverage made by extracting the liquid from tomatoes or a blend of vegetables, and is widely recognized and used as a juice in cocktails such as the Bloody Mary[1][3][5",2025-08-20T19:34:28.890726
1301,Chilled filtered water,ENG,False,,5,Other not alcohol,,"Chilled filtered water is a non-alcoholic, non-flavored, and non-sweetened liquid commonly used in cocktails as a mixer or to dilute drinks. It does not fit categories such as 'Lemonade', 'Syrup', 'Co",2025-08-20T19:34:30.087924
1300,"Chilled ginger beer or ginger
ale",ENG,True,,6,Beer,,"Traditional ginger beer was originally a fermented alcoholic beverage, but modern ginger beer and ginger ale are almost always non-alcoholic soft drinks[1]. However, since the ingredient is specified ",2025-08-20T19:34:30.551708
1303,"Papaya, peeled, seeded, and cubed",ENG,False,,10,Fruits,,"Papaya, when peeled, seeded, and cubed, is a fresh fruit used directly in cocktails or as the base for purees and juices. Multiple cocktail recipes reference using fresh papaya chunks or puree as a pr",2025-08-20T19:34:30.976920
1308,Cold beef broth or bouillon,ENG,True,,14,Vodka,,"Cold beef broth or bouillon is used in cocktails such as the Bullshot, where it is combined with vodka as the alcoholic base. Among the available categories, 'Vodka' is the most appropriate because th",2025-08-20T19:34:43.300691
1305,"Fresh peppermint leaves (or 1
teaspoon dried peppermint)",ENG,False,,5,Other not alcohol,,"Fresh peppermint leaves (or dried peppermint) are herbs used for flavoring in cocktails and non-alcoholic drinks. They do not fit into the provided categories of 'Lemonade', 'Syrup', 'Coffee', 'Other ",2025-08-20T19:34:43.758892
1306,Angostura or other bitters,ENG,True,,3,Liqueur,,"Angostura and other cocktail bitters are highly alcoholic, concentrated herbal preparations used primarily as flavoring agents in cocktails, typically containing 35-45% ABV[1][2][4]. While not consume",2025-08-20T19:34:45.963510
1307,Chilled guinness,ENG,True,,6,Beer,,"Guinness is a well-known Irish stout, which is a type of beer. Multiple sources confirm that Guinness is brewed from water, malted barley, roasted barley, hops, and yeast, and is classified as a stout",2025-08-20T19:34:46.574306
